{"cameraMode":{"drawMode":0,"name":"Shaded","section":"Shading Mode"},"sceneLighting":false,"audioPlay":false,"sceneViewState":{"showFog":true,"showMaterialUpdate":false,"showSkybox":false,"showFlares":true,"showImageEffects":true,"showParticleSystems":true},"in2DMode":false,"pivot":{"x":1.5399999618530274,"y":0.7329999804496765,"z":1.649999976158142},"rotation":{"x":0.217182457447052,"y":-0.6613511443138123,"z":0.20918822288513184,"w":0.6867974400520325},"size":22.0,"orthographic":true}